game_title,game_description,game_release_date,game_developer,game_publisher,game_user_tags,game_price,game_features,game_languages,genres
Counter-Strike 2,"For over two decades, Counter-Strike has offered an elite competitive experience, one shaped by millions of players from across the globe. And now the next chapter in the CS story is about to begin. This is Counter-Strike 2.","21 Aug, 2012",Valve,Valve,"['FPS', 'Shooter', 'Multiplayer', 'Competitive', 'Action', 'Team-Based', 'eSports', 'Tactical', 'First-Person', 'PvP', 'Online Co-Op', 'Co-op', 'Strategy', 'Military', 'War', 'Difficult', 'Trading', 'Realistic', 'Fast-Paced', 'Moddable']",Free,"['Cross-Platform Multiplayer', 'Steam Trading Cards', 'Steam Workshop', 'In-App Purchases', 'Stats', 'Remote Play on Phone', 'Remote Play on Tablet', 'Remote Play on TV', 'Steam Timeline']","{'English': [], '✔': [], 'Czech': [], 'Danish': [], 'Dutch': [], 'Finnish': [], 'French': [], 'German': [], 'Hungarian': [], 'Italian': [], 'Japanese': [], 'Korean': [], 'Norwegian': [], 'Polish': [], 'Portuguese - Portugal': [], 'Portuguese - Brazil': [], 'Romanian': [], 'Russian': [], 'Simplified Chinese': [], 'Spanish - Spain': [], 'Swedish': [], 'Thai': [], 'Traditional Chinese': [], 'Turkish': [], 'Bulgarian': [], 'Ukrainian': [], 'Greek': [], 'Spanish - Latin America': [], 'Vietnamese': [], 'Indonesian': [], 'Arabic': [], 'Catalan': [], 'Lithuanian': [], 'Serbian': [], 'Slovak': [], 'Slovenian': [], 'Croatian': []}","['Action, Free To Play']"
PEAK,"PEAK is a co-op climbing game where the slightest mistake can spell your doom. Either solo or as a group of lost nature scouts, your only hope of rescue from a mysterious island is to scale the mountain at its center. Do you have what it takes to reach the PEAK?","16 Jun, 2025",Landfall,Landfall,"['Physics', 'Multiplayer', 'Online Co-Op', 'Co-op', 'Exploration', 'First-Person', 'Procedural Generation', 'Adventure', 'Action Roguelike', 'Horror', 'Psychological Horror', '3D', 'Atmospheric', 'Survival Horror', 'Comedy', 'Post-apocalyptic', 'Time Management', 'Action', 'Investigation', 'Mystery']",£6.39,"['Single-player', 'Online Co-op', 'Steam Achievements', 'Family Sharing']","{'English': [], '✔': [], 'Czech': [], 'Danish': [], 'Dutch': [], 'Finnish': [], 'French': [], 'German': [], 'Hungarian': [], 'Italian': [], 'Japanese': [], 'Korean': [], 'Norwegian': [], 'Polish': [], 'Portuguese - Portugal': [], 'Portuguese - Brazil': [], 'Romanian': [], 'Russian': [], 'Simplified Chinese': [], 'Spanish - Spain': [], 'Swedish': [], 'Thai': [], 'Traditional Chinese': [], 'Turkish': [], 'Bulgarian': [], 'Ukrainian': [], 'Greek': [], 'Spanish - Latin America': [], 'Vietnamese': [], 'Indonesian': [], 'Arabic': [], 'Catalan': [], 'Lithuanian': [], 'Serbian': [], 'Slovak': [], 'Slovenian': [], 'Croatian': []}","['Action, Adventure, Indie']"
Clair Obscur: Expedition 33,Lead the members of Expedition 33 on their quest to destroy the Paintress so that she can never paint death again. Explore a world of wonders inspired by Belle Époque France and battle unique enemies in this turn-based RPG with real-time mechanics.,"24 Apr, 2025",Sandfall Interactive,Clair Obscur,"['Turn-Based Combat', 'Story Rich', 'Fantasy', 'RPG', 'JRPG', 'Exploration', 'Adventure', 'Singleplayer', 'Lore-Rich', 'Action RPG', 'Souls-like', 'Party-Based RPG', 'Great Soundtrack', 'Dark Fantasy', 'Character Customization', '3D', 'Post-apocalyptic', 'Narration', 'Action', 'Realistic']",£37.79,"['Single-player', 'Steam Achievements', 'Steam Cloud', 'Family Sharing']","{'English': [], '✔': [], 'Czech': [], 'Danish': [], 'Dutch': [], 'Finnish': [], 'French': [], 'German': [], 'Hungarian': [], 'Italian': [], 'Japanese': [], 'Korean': [], 'Norwegian': [], 'Polish': [], 'Portuguese - Portugal': [], 'Portuguese - Brazil': [], 'Romanian': [], 'Russian': [], 'Simplified Chinese': [], 'Spanish - Spain': [], 'Swedish': [], 'Thai': [], 'Traditional Chinese': [], 'Turkish': [], 'Bulgarian': [], 'Ukrainian': [], 'Greek': [], 'Spanish - Latin America': [], 'Vietnamese': [], 'Indonesian': [], 'Arabic': [], 'Catalan': [], 'Lithuanian': [], 'Serbian': [], 'Slovak': [], 'Slovenian': [], 'Croatian': []}","['Action, RPG']"
Dune: Awakening,"Rise from survival to greatness and challenge the power of an Imperium in Dune: Awakening, a brand-new open world survival and crafting game. Alone or together with others, you must survive the sandworm, build a home, craft your ornithopter, and unravel the story of the missing Fremen.","10 Jun, 2025",Funcom,Funcom,"['Open World Survival Craft', 'Massively Multiplayer', 'Third Person', 'Adventure', 'Survival', 'Open World', 'Base Building', 'PvP', 'Sci-fi', 'PvE', 'Exploration', 'Building', 'Multiplayer', 'Sandbox', 'Character Customization', 'Crafting', 'Action', 'Online Co-Op', 'RPG', 'Lore-Rich']",£41.99,"['Single-player', 'MMO', 'Online PvP', 'Online Co-op', 'Steam Achievements', 'Steam Cloud', 'Family Sharing']","{'English': [], '✔': [], 'Czech': [], 'Danish': [], 'Dutch': [], 'Finnish': [], 'French': [], 'German': [], 'Hungarian': [], 'Italian': [], 'Japanese': [], 'Korean': [], 'Norwegian': [], 'Polish': [], 'Portuguese - Portugal': [], 'Portuguese - Brazil': [], 'Romanian': [], 'Russian': [], 'Simplified Chinese': [], 'Spanish - Spain': [], 'Swedish': [], 'Thai': [], 'Traditional Chinese': [], 'Turkish': [], 'Bulgarian': [], 'Ukrainian': [], 'Greek': [], 'Spanish - Latin America': [], 'Vietnamese': [], 'Indonesian': [], 'Arabic': [], 'Catalan': [], 'Lithuanian': [], 'Serbian': [], 'Slovak': [], 'Slovenian': [], 'Croatian': []}","['Action, Adventure, Massively Multiplayer, RPG']"
Cyberpunk 2077,"Cyberpunk 2077 is an open-world, action-adventure RPG set in the dark future of Night City — a dangerous megalopolis obsessed with power, glamor, and ceaseless body modification.","9 Dec, 2020",CD PROJEKT RED,CD PROJEKT RED,"['Cyberpunk', 'Open World', 'Nudity', 'RPG', 'Singleplayer', 'Sci-fi', 'FPS', 'Story Rich', 'Mature', 'Futuristic', 'First-Person', 'Atmospheric', 'Exploration', 'Action', 'Violent', 'Great Soundtrack', 'Action RPG', 'Adventure', 'Character Customization', 'Immersive Sim']",£17.49,"['Single-player', 'Steam Achievements', 'Steam Trading Cards', 'Steam Cloud', 'Family Sharing']","{'English': [], '✔': [], 'Czech': [], 'Danish': [], 'Dutch': [], 'Finnish': [], 'French': [], 'German': [], 'Hungarian': [], 'Italian': [], 'Japanese': [], 'Korean': [], 'Norwegian': [], 'Polish': [], 'Portuguese - Portugal': [], 'Portuguese - Brazil': [], 'Romanian': [], 'Russian': [], 'Simplified Chinese': [], 'Spanish - Spain': [], 'Swedish': [], 'Thai': [], 'Traditional Chinese': [], 'Turkish': [], 'Bulgarian': [], 'Ukrainian': [], 'Greek': [], 'Spanish - Latin America': [], 'Vietnamese': [], 'Indonesian': [], 'Arabic': [], 'Catalan': [], 'Lithuanian': [], 'Serbian': [], 'Slovak': [], 'Slovenian': [], 'Croatian': []}",['RPG']
Dead by Daylight,"Trapped forever in a realm of eldritch evil where even death is not an escape, four determined Survivors face a bloodthirsty Killer in a vicious game of nerve and wits. Pick a side and step into a world of tension and terror with horror gaming's best asymmetrical multiplayer.","14 Jun, 2016",Behaviour Interactive Inc.,Dead by Daylight,"['Horror', 'Multiplayer', 'Survival Horror', 'Online Co-Op', 'Co-op', 'Survival', 'Gore', 'Team-Based', 'Blood', 'Stealth', 'Third Person', 'Violent', 'First-Person', 'Psychological Horror', 'Action', 'Atmospheric', 'Strategy', 'Comedy', 'Mature', 'Difficult']",£5.99,"['Online PvP', 'Online Co-op', 'Cross-Platform Multiplayer', 'Steam Achievements', 'Steam Trading Cards', 'Steam Cloud', 'Remote Play on Phone', 'Remote Play on Tablet', 'Remote Play on TV', 'Family Sharing']","{'English': [], '✔': [], 'Czech': [], 'Danish': [], 'Dutch': [], 'Finnish': [], 'French': [], 'German': [], 'Hungarian': [], 'Italian': [], 'Japanese': [], 'Korean': [], 'Norwegian': [], 'Polish': [], 'Portuguese - Portugal': [], 'Portuguese - Brazil': [], 'Romanian': [], 'Russian': [], 'Simplified Chinese': [], 'Spanish - Spain': [], 'Swedish': [], 'Thai': [], 'Traditional Chinese': [], 'Turkish': [], 'Bulgarian': [], 'Ukrainian': [], 'Greek': [], 'Spanish - Latin America': [], 'Vietnamese': [], 'Indonesian': [], 'Arabic': [], 'Catalan': [], 'Lithuanian': [], 'Serbian': [], 'Slovak': [], 'Slovenian': [], 'Croatian': []}",['Action']
Baldur's Gate 3,"Baldur’s Gate 3 is a story-rich, party-based RPG set in the universe of Dungeons & Dragons, where your choices shape a tale of fellowship and betrayal, survival and sacrifice, and the lure of absolute power.","3 Aug, 2023",Larian Studios,Baldur's Gate,"['RPG', 'Character Customization', 'Choices Matter', 'Story Rich', 'Turn-Based Combat', 'Dungeons & Dragons', 'CRPG', 'Fantasy', 'Adventure', 'Sexual Content', 'Romance', 'Online Co-Op', 'Multiplayer', 'Strategy', 'Singleplayer', 'Co-op Campaign', 'Nudity', 'Class-Based', 'Dark Fantasy', 'Combat']",£39.99,"['Single-player', 'Online Co-op', 'LAN Co-op', 'Cross-Platform Multiplayer', 'Steam Achievements', 'Steam Trading Cards', 'Steam Cloud', 'Remote Play on TV', 'Remote Play Together', 'Family Sharing']","{'English': [], '✔': [], 'Czech': [], 'Danish': [], 'Dutch': [], 'Finnish': [], 'French': [], 'German': [], 'Hungarian': [], 'Italian': [], 'Japanese': [], 'Korean': [], 'Norwegian': [], 'Polish': [], 'Portuguese - Portugal': [], 'Portuguese - Brazil': [], 'Romanian': [], 'Russian': [], 'Simplified Chinese': [], 'Spanish - Spain': [], 'Swedish': [], 'Thai': [], 'Traditional Chinese': [], 'Turkish': [], 'Bulgarian': [], 'Ukrainian': [], 'Greek': [], 'Spanish - Latin America': [], 'Vietnamese': [], 'Indonesian': [], 'Arabic': [], 'Catalan': [], 'Lithuanian': [], 'Serbian': [], 'Slovak': [], 'Slovenian': [], 'Croatian': []}","['Adventure, RPG, Strategy']"
Schedule I,"From small-time dope pusher to kingpin - manufacture and distribute a range of drugs throughout the grungy city of Hyland Point. Expand your empire with properties, businesses, employees and more.","24 Mar, 2025",TVGS,TVGS,"['Simulation', 'Co-op', 'Crime', 'Multiplayer', 'Open World', 'Management', 'First-Person', 'Action', 'Crafting', 'Base Building', 'Automation', 'Building', 'Stealth', 'Strategy', 'FPS', 'Character Customization', 'Driving', 'Shooter', 'Early Access', 'Action-Adventure']",£11.72,"['Single-player', 'Online Co-op', 'Steam Achievements', 'Steam Cloud', 'Family Sharing']","{'English': [], '✔': [], 'Czech': [], 'Danish': [], 'Dutch': [], 'Finnish': [], 'French': [], 'German': [], 'Hungarian': [], 'Italian': [], 'Japanese': [], 'Korean': [], 'Norwegian': [], 'Polish': [], 'Portuguese - Portugal': [], 'Portuguese - Brazil': [], 'Romanian': [], 'Russian': [], 'Simplified Chinese': [], 'Spanish - Spain': [], 'Swedish': [], 'Thai': [], 'Traditional Chinese': [], 'Turkish': [], 'Bulgarian': [], 'Ukrainian': [], 'Greek': [], 'Spanish - Latin America': [], 'Vietnamese': [], 'Indonesian': [], 'Arabic': [], 'Catalan': [], 'Lithuanian': [], 'Serbian': [], 'Slovak': [], 'Slovenian': [], 'Croatian': []}","['Action, Indie, Simulation, Strategy, Early Access']"
REMATCH,Control one player on your team and compete in fast-paced 5v5 matches from an immersive third-person perspective. Team up with your friends and join the action.,"19 Jun, 2025",Sloclap,Kepler Interactive,"['Sports', 'Football (Soccer)', 'Multiplayer', 'PvP', 'eSports', 'Online Co-Op', 'Arcade', 'Simulation', 'Team-Based', 'Third-Person Shooter', 'Immersive', 'Third Person', 'Real Time Tactics', 'Action RTS', 'Character Customization', '3D', 'Colorful', 'Stylized', 'Action', 'Futuristic']",£20.99,"['Online Co-op', 'Steam Achievements', 'In-App Purchases', 'Family Sharing']","{'English': [], '✔': [], 'Czech': [], 'Danish': [], 'Dutch': [], 'Finnish': [], 'French': [], 'German': [], 'Hungarian': [], 'Italian': [], 'Japanese': [], 'Korean': [], 'Norwegian': [], 'Polish': [], 'Portuguese - Portugal': [], 'Portuguese - Brazil': [], 'Romanian': [], 'Russian': [], 'Simplified Chinese': [], 'Spanish - Spain': [], 'Swedish': [], 'Thai': [], 'Traditional Chinese': [], 'Turkish': [], 'Bulgarian': [], 'Ukrainian': [], 'Greek': [], 'Spanish - Latin America': [], 'Vietnamese': [], 'Indonesian': [], 'Arabic': [], 'Catalan': [], 'Lithuanian': [], 'Serbian': [], 'Slovak': [], 'Slovenian': [], 'Croatian': []}","['Action, Indie, Sports']"
Red Dead Redemption 2,"Winner of over 175 Game of the Year Awards and recipient of over 250 perfect scores, RDR2 is the epic tale of outlaw Arthur Morgan and the infamous Van der Linde gang, on the run across America at the dawn of the modern age. Also includes access to the shared living world of Red Dead Online.","5 Dec, 2019",Rockstar Games,Red Dead Redemption,"['Open World', 'Story Rich', 'Western', 'Adventure', 'Multiplayer', 'Action', 'Realistic', 'Singleplayer', 'Shooter', 'Atmospheric', 'Horses', 'Beautiful', 'Mature', 'Third-Person Shooter', 'Great Soundtrack', 'Third Person', 'Gore', 'Sandbox', 'First-Person', 'FPS']",£14.99,"['Single-player', 'Online PvP', 'Online Co-op', 'Steam Achievements', 'In-App Purchases', 'Remote Play on Phone', 'Remote Play on Tablet']","{'English': [], '✔': [], 'Czech': [], 'Danish': [], 'Dutch': [], 'Finnish': [], 'French': [], 'German': [], 'Hungarian': [], 'Italian': [], 'Japanese': [], 'Korean': [], 'Norwegian': [], 'Polish': [], 'Portuguese - Portugal': [], 'Portuguese - Brazil': [], 'Romanian': [], 'Russian': [], 'Simplified Chinese': [], 'Spanish - Spain': [], 'Swedish': [], 'Thai': [], 'Traditional Chinese': [], 'Turkish': [], 'Bulgarian': [], 'Ukrainian': [], 'Greek': [], 'Spanish - Latin America': [], 'Vietnamese': [], 'Indonesian': [], 'Arabic': [], 'Catalan': [], 'Lithuanian': [], 'Serbian': [], 'Slovak': [], 'Slovenian': [], 'Croatian': []}","['Action, Adventure']"
ELDEN RING,"THE CRITICALLY ACCLAIMED FANTASY ACTION RPG. Rise, Tarnished, and be guided by grace to brandish the power of the Elden Ring and become an Elden Lord in the Lands Between.","24 Feb, 2022",,Bandai Namco Entertainment,"['Souls-like', 'Open World', 'Dark Fantasy', 'RPG', 'Difficult', 'Action RPG', 'Multiplayer', 'Third Person', 'Fantasy', 'Singleplayer', 'Online Co-Op', 'Action', 'Co-op', 'Atmospheric', 'PvP', 'Great Soundtrack', 'Violent', '3D', 'Character Customization', 'Family Friendly']",£29.99,"['Single-player', 'Online PvP', 'Online Co-op', 'Steam Achievements', 'Steam Trading Cards', 'Steam Cloud', 'Family Sharing']","{'English': [], '✔': [], 'Czech': [], 'Danish': [], 'Dutch': [], 'Finnish': [], 'French': [], 'German': [], 'Hungarian': [], 'Italian': [], 'Japanese': [], 'Korean': [], 'Norwegian': [], 'Polish': [], 'Portuguese - Portugal': [], 'Portuguese - Brazil': [], 'Romanian': [], 'Russian': [], 'Simplified Chinese': [], 'Spanish - Spain': [], 'Swedish': [], 'Thai': [], 'Traditional Chinese': [], 'Turkish': [], 'Bulgarian': [], 'Ukrainian': [], 'Greek': [], 'Spanish - Latin America': [], 'Vietnamese': [], 'Indonesian': [], 'Arabic': [], 'Catalan': [], 'Lithuanian': [], 'Serbian': [], 'Slovak': [], 'Slovenian': [], 'Croatian': []}","['Action, RPG']"
R.E.P.O.,"An online co-op horror game with up to 6 players. Locate valuable, fully physics-based objects and handle them with care as you retrieve and extract to satisfy your creator's desires.","26 Feb, 2025",semiwork,semiwork,"['Early Access', 'Horror', 'Online Co-Op', 'Multiplayer', 'Comedy', 'Co-op', 'Physics', 'First-Person', '3D', 'Stealth', 'Action', 'Robots', 'Survival', 'Exploration', 'Action Roguelike', 'Procedural Generation', 'Post-apocalyptic', 'Perma Death', 'Sci-fi', 'Dystopian']",£6.80,"['Single-player', 'Online Co-op', 'Steam Cloud', 'Family Sharing']","{'English': [], '✔': [], 'Czech': [], 'Danish': [], 'Dutch': [], 'Finnish': [], 'French': [], 'German': [], 'Hungarian': [], 'Italian': [], 'Japanese': [], 'Korean': [], 'Norwegian': [], 'Polish': [], 'Portuguese - Portugal': [], 'Portuguese - Brazil': [], 'Romanian': [], 'Russian': [], 'Simplified Chinese': [], 'Spanish - Spain': [], 'Swedish': [], 'Thai': [], 'Traditional Chinese': [], 'Turkish': [], 'Bulgarian': [], 'Ukrainian': [], 'Greek': [], 'Spanish - Latin America': [], 'Vietnamese': [], 'Indonesian': [], 'Arabic': [], 'Catalan': [], 'Lithuanian': [], 'Serbian': [], 'Slovak': [], 'Slovenian': [], 'Croatian': []}","['Action, Early Access']"
War Thunder,"War Thunder is the most comprehensive free-to-play, cross-platform, MMO military game dedicated to aviation, armoured vehicles, and naval craft, from the early 20th century to the most advanced modern combat units. Join now and take part in major battles on land, in the air, and at sea.","15 Aug, 2013",Gaijin Entertainment,Gaijin Network Ltd,"['Free to Play', 'Simulation', 'Vehicular Combat', 'Combat', 'World War II', 'Flight', 'VR', 'War', 'Military', 'Tanks', 'Multiplayer', 'Naval Combat', 'Modern', 'Massively Multiplayer', 'Cold War', 'Realistic', 'Shooter', 'Action', 'Third Person', 'Third-Person Shooter']",Free,"['Single-player', 'MMO', 'Online PvP', 'Online Co-op', 'Cross-Platform Multiplayer', 'Steam Achievements', 'VR Supported', 'Steam Trading Cards', 'In-App Purchases', 'Remote Play on Phone', 'Remote Play on Tablet']","{'English': [], '✔': [], 'Czech': [], 'Danish': [], 'Dutch': [], 'Finnish': [], 'French': [], 'German': [], 'Hungarian': [], 'Italian': [], 'Japanese': [], 'Korean': [], 'Norwegian': [], 'Polish': [], 'Portuguese - Portugal': [], 'Portuguese - Brazil': [], 'Romanian': [], 'Russian': [], 'Simplified Chinese': [], 'Spanish - Spain': [], 'Swedish': [], 'Thai': [], 'Traditional Chinese': [], 'Turkish': [], 'Bulgarian': [], 'Ukrainian': [], 'Greek': [], 'Spanish - Latin America': [], 'Vietnamese': [], 'Indonesian': [], 'Arabic': [], 'Catalan': [], 'Lithuanian': [], 'Serbian': [], 'Slovak': [], 'Slovenian': [], 'Croatian': []}","['Action, Massively Multiplayer, Simulation, Free To Play']"
"Warhammer 40,000: Darktide","Take back the city of Tertium from hordes of bloodthirsty foes in this intense and brutal action shooter. Warhammer 40,000: Darktide is the new co-op focused experience from the award-winning team behind the Vermintide series. As Tertium falls, Rejects Will Rise.","30 Nov, 2022",Fatshark,Fatshark,"['Horror', 'Team-Based', 'Combat', 'Class-Based', 'Hack and Slash', 'Warhammer 40K', 'Zombies', 'PvE', 'FPS', 'Shooter', 'Co-op', 'Action-Adventure', 'Character Customization', 'Dark', 'First-Person', 'Action', 'Narration', 'Realistic', 'Dark Fantasy', 'Atmospheric']",£13.19,"['Online Co-op', 'Cross-Platform Multiplayer', 'Steam Achievements', 'Captions available', 'In-App Purchases', 'Family Sharing']","{'English': [], '✔': [], 'Czech': [], 'Danish': [], 'Dutch': [], 'Finnish': [], 'French': [], 'German': [], 'Hungarian': [], 'Italian': [], 'Japanese': [], 'Korean': [], 'Norwegian': [], 'Polish': [], 'Portuguese - Portugal': [], 'Portuguese - Brazil': [], 'Romanian': [], 'Russian': [], 'Simplified Chinese': [], 'Spanish - Spain': [], 'Swedish': [], 'Thai': [], 'Traditional Chinese': [], 'Turkish': [], 'Bulgarian': [], 'Ukrainian': [], 'Greek': [], 'Spanish - Latin America': [], 'Vietnamese': [], 'Indonesian': [], 'Arabic': [], 'Catalan': [], 'Lithuanian': [], 'Serbian': [], 'Slovak': [], 'Slovenian': [], 'Croatian': []}","['Action, Adventure, RPG']"
Warframe,Awaken as an unstoppable warrior and battle alongside your friends in this story-driven free-to-play online action game,"25 Mar, 2013",Digital Extremes,Digital Extremes,"['Free to Play', 'Action RPG', 'Looter Shooter', 'Third-Person Shooter', 'Action', 'RPG', 'Third Person', 'Character Customization', 'Massively Multiplayer', 'Online Co-Op', 'Co-op', 'PvE', 'Sci-fi', 'Singleplayer', 'Space', 'Lore-Rich', 'Shooter', 'Hack and Slash', 'Parkour', 'Ninja']",Free,"['Single-player', 'Online Co-op', 'Cross-Platform Multiplayer', 'Steam Achievements', 'Steam Trading Cards', 'Steam Workshop', 'In-App Purchases', 'Remote Play on Phone', 'Remote Play on Tablet', 'Remote Play on TV', 'HDR available']","{'English': [], '✔': [], 'Czech': [], 'Danish': [], 'Dutch': [], 'Finnish': [], 'French': [], 'German': [], 'Hungarian': [], 'Italian': [], 'Japanese': [], 'Korean': [], 'Norwegian': [], 'Polish': [], 'Portuguese - Portugal': [], 'Portuguese - Brazil': [], 'Romanian': [], 'Russian': [], 'Simplified Chinese': [], 'Spanish - Spain': [], 'Swedish': [], 'Thai': [], 'Traditional Chinese': [], 'Turkish': [], 'Bulgarian': [], 'Ukrainian': [], 'Greek': [], 'Spanish - Latin America': [], 'Vietnamese': [], 'Indonesian': [], 'Arabic': [], 'Catalan': [], 'Lithuanian': [], 'Serbian': [], 'Slovak': [], 'Slovenian': [], 'Croatian': []}","['Action, RPG, Free To Play']"
"Warhammer 40,000: Space Marine 2",Embody the superhuman skill and brutality of a Space Marine. Unleash deadly abilities and devastating weaponry to obliterate the relentless Tyranid swarms. Defend the Imperium in spectacular third-person action in solo or multiplayer modes.,"9 Sep, 2024",Saber Interactive,Warhammer,"['Warhammer 40K', 'Action', 'Multiplayer', 'Third-Person Shooter', 'Co-op', 'PvE', 'Adventure', 'Action-Adventure', 'Third Person', 'Sci-fi', 'Wargame', '3D', 'War', 'Fantasy', 'Space', 'Singleplayer', 'Narration', 'Realistic', 'Futuristic', 'Cinematic']",£32.99,"['Single-player', 'Online PvP', 'Online Co-op', 'Steam Achievements', 'Steam Trading Cards', 'Steam Cloud', 'Family Sharing']","{'English': [], '✔': [], 'Czech': [], 'Danish': [], 'Dutch': [], 'Finnish': [], 'French': [], 'German': [], 'Hungarian': [], 'Italian': [], 'Japanese': [], 'Korean': [], 'Norwegian': [], 'Polish': [], 'Portuguese - Portugal': [], 'Portuguese - Brazil': [], 'Romanian': [], 'Russian': [], 'Simplified Chinese': [], 'Spanish - Spain': [], 'Swedish': [], 'Thai': [], 'Traditional Chinese': [], 'Turkish': [], 'Bulgarian': [], 'Ukrainian': [], 'Greek': [], 'Spanish - Latin America': [], 'Vietnamese': [], 'Indonesian': [], 'Arabic': [], 'Catalan': [], 'Lithuanian': [], 'Serbian': [], 'Slovak': [], 'Slovenian': [], 'Croatian': []}","['Action, Adventure, RPG']"
Cyberpunk 2077: Phantom Liberty,This content requires the base game Cyberpunk 2077 on Steam in order to play.,"25 Sep, 2023",CD PROJEKT RED,CD PROJEKT RED,"['RPG', 'Sexual Content', 'Cyberpunk', 'Open World', 'Story Rich', 'Nudity', 'Violent', 'Singleplayer', 'Gore', 'First-Person', 'Atmospheric', 'Character Customization', 'FPS', 'Choices Matter', 'Action RPG', 'Action', 'Shooter', 'Horror', 'Great Soundtrack', 'Stealth']",£17.49,"['Single-player', 'Downloadable Content', 'Steam Achievements', 'Steam Trading Cards', 'Steam Cloud', 'Family Sharing']","{'English': [], '✔': [], 'Czech': [], 'Danish': [], 'Dutch': [], 'Finnish': [], 'French': [], 'German': [], 'Hungarian': [], 'Italian': [], 'Japanese': [], 'Korean': [], 'Norwegian': [], 'Polish': [], 'Portuguese - Portugal': [], 'Portuguese - Brazil': [], 'Romanian': [], 'Russian': [], 'Simplified Chinese': [], 'Spanish - Spain': [], 'Swedish': [], 'Thai': [], 'Traditional Chinese': [], 'Turkish': [], 'Bulgarian': [], 'Ukrainian': [], 'Greek': [], 'Spanish - Latin America': [], 'Vietnamese': [], 'Indonesian': [], 'Arabic': [], 'Catalan': [], 'Lithuanian': [], 'Serbian': [], 'Slovak': [], 'Slovenian': [], 'Croatian': []}",['RPG']
The Elder Scrolls IV: Oblivion Remastered,Explore Cyrodiil like never before with stunning new visuals and refined gameplay in The Elder Scrolls IV: Oblivion™ Remastered.,"22 Apr, 2025",Virtuos,The Elder Scrolls,"['RPG', 'Open World', 'Singleplayer', 'Fantasy', 'Adventure', 'Exploration', 'Character Customization', 'First-Person', 'Action RPG', 'Third Person', 'Story Rich', 'Action-Adventure', 'Great Soundtrack', 'Atmospheric', 'Violent', 'Sexual Content', 'Action', 'Gore', 'Politics', 'Multiplayer']",£39.99,"['Single-player', 'Steam Achievements', 'Steam Trading Cards', 'Steam Cloud', 'Family Sharing']","{'English': [], '✔': [], 'Czech': [], 'Danish': [], 'Dutch': [], 'Finnish': [], 'French': [], 'German': [], 'Hungarian': [], 'Italian': [], 'Japanese': [], 'Korean': [], 'Norwegian': [], 'Polish': [], 'Portuguese - Portugal': [], 'Portuguese - Brazil': [], 'Romanian': [], 'Russian': [], 'Simplified Chinese': [], 'Spanish - Spain': [], 'Swedish': [], 'Thai': [], 'Traditional Chinese': [], 'Turkish': [], 'Bulgarian': [], 'Ukrainian': [], 'Greek': [], 'Spanish - Latin America': [], 'Vietnamese': [], 'Indonesian': [], 'Arabic': [], 'Catalan': [], 'Lithuanian': [], 'Serbian': [], 'Slovak': [], 'Slovenian': [], 'Croatian': []}",['RPG']
HELLDIVERS™ 2,"The Galaxy’s Last Line of Offence. Enlist in the Helldivers and join the fight for freedom across a hostile galaxy in a fast, frantic, and ferocious third-person shooter.","8 Feb, 2024",Arrowhead Game Studios,PlayStation Studios,"['Online Co-Op', 'PvE', 'Third-Person Shooter', 'Multiplayer', 'Action', 'Shooter', 'Co-op', 'Sci-fi', 'Capitalism', 'Space', 'Extraction Shooter', 'Third Person', 'Comedy', 'Gore', 'Violent', 'Great Soundtrack', 'Difficult', 'Psychological Horror', 'Singleplayer', 'Open World']",£27.99,"['Online Co-op', 'Steam Achievements', 'In-App Purchases', 'Family Sharing']","{'English': [], '✔': [], 'Czech': [], 'Danish': [], 'Dutch': [], 'Finnish': [], 'French': [], 'German': [], 'Hungarian': [], 'Italian': [], 'Japanese': [], 'Korean': [], 'Norwegian': [], 'Polish': [], 'Portuguese - Portugal': [], 'Portuguese - Brazil': [], 'Romanian': [], 'Russian': [], 'Simplified Chinese': [], 'Spanish - Spain': [], 'Swedish': [], 'Thai': [], 'Traditional Chinese': [], 'Turkish': [], 'Bulgarian': [], 'Ukrainian': [], 'Greek': [], 'Spanish - Latin America': [], 'Vietnamese': [], 'Indonesian': [], 'Arabic': [], 'Catalan': [], 'Lithuanian': [], 'Serbian': [], 'Slovak': [], 'Slovenian': [], 'Croatian': []}",['Action']
Date Everything!,"Date Everything! is a sandbox dating simulator set in the comfort of your own home, featuring 100 fully voice acted datable characters! Let the romance flow between your bed, smoke alarm and… Overwhelming Sense of Existential Dread? Are you ready to Date Everything?","17 Jun, 2025",Sassy Chap Games,Team17,"['Simulation', 'Dating Sim', 'LGBTQ+', 'Sexual Content', 'Singleplayer', 'Romance', 'Choose Your Own Adventure', 'Comedy', 'Cute', 'Multiple Endings', 'Nudity', 'Funny', 'Psychological Horror', 'Visual Novel', 'Colorful', 'Indie', 'Cartoony', 'Abstract', 'Anime', 'Casual']",£29.99,"['Single-player', 'Steam Achievements', 'Steam Cloud', 'Family Sharing']","{'English': [], '✔': [], 'Czech': [], 'Danish': [], 'Dutch': [], 'Finnish': [], 'French': [], 'German': [], 'Hungarian': [], 'Italian': [], 'Japanese': [], 'Korean': [], 'Norwegian': [], 'Polish': [], 'Portuguese - Portugal': [], 'Portuguese - Brazil': [], 'Romanian': [], 'Russian': [], 'Simplified Chinese': [], 'Spanish - Spain': [], 'Swedish': [], 'Thai': [], 'Traditional Chinese': [], 'Turkish': [], 'Bulgarian': [], 'Ukrainian': [], 'Greek': [], 'Spanish - Latin America': [], 'Vietnamese': [], 'Indonesian': [], 'Arabic': [], 'Catalan': [], 'Lithuanian': [], 'Serbian': [], 'Slovak': [], 'Slovenian': [], 'Croatian': []}",['Simulation']
DEATH STRANDING DIRECTOR'S CUT,"From legendary game creator Hideo Kojima comes a genre-defying experience, now expanded in this definitive DIRECTOR’S CUT. As Sam Bridges, your mission is to deliver hope to humanity by connecting the last survivors of a decimated America. Can you reunite the shattered world, one step at a time?","30 Mar, 2022",KOJIMA PRODUCTIONS,505 Games Official,"['Story Rich', 'Open World', 'Walking Simulator', 'Atmospheric', 'Great Soundtrack', 'Adventure', 'Post-apocalyptic', 'Exploration', 'Cinematic', 'Singleplayer', 'Third Person', 'Action', 'Sci-fi', 'Horror', 'Action-Adventure', 'Relaxing', 'Stealth', 'Multiplayer', 'Third-Person Shooter', 'Combat']",£13.99,"['Single-player', 'Steam Achievements', 'Steam Trading Cards', 'Steam Cloud', 'HDR available', 'Family Sharing']","{'English': [], '✔': [], 'Czech': [], 'Danish': [], 'Dutch': [], 'Finnish': [], 'French': [], 'German': [], 'Hungarian': [], 'Italian': [], 'Japanese': [], 'Korean': [], 'Norwegian': [], 'Polish': [], 'Portuguese - Portugal': [], 'Portuguese - Brazil': [], 'Romanian': [], 'Russian': [], 'Simplified Chinese': [], 'Spanish - Spain': [], 'Swedish': [], 'Thai': [], 'Traditional Chinese': [], 'Turkish': [], 'Bulgarian': [], 'Ukrainian': [], 'Greek': [], 'Spanish - Latin America': [], 'Vietnamese': [], 'Indonesian': [], 'Arabic': [], 'Catalan': [], 'Lithuanian': [], 'Serbian': [], 'Slovak': [], 'Slovenian': [], 'Croatian': []}","['Action, Adventure']"
Rust,"The only aim in Rust is to survive. Everything wants you to die - the island’s wildlife, other inhabitants, the environment, and other survivors. Do whatever it takes to last another night.","8 Feb, 2018",Facepunch Studios,Facepunch Studios,"['Survival', 'Crafting', 'Multiplayer', 'Open World', 'Open World Survival Craft', 'Building', 'PvP', 'Sandbox', 'Adventure', 'First-Person', 'Action', 'Nudity', 'FPS', 'Shooter', 'Co-op', 'Online Co-Op', 'Indie', 'Post-apocalyptic', 'Early Access', 'Simulation']",£20.99,"['MMO', 'Online PvP', 'Online Co-op', 'Cross-Platform Multiplayer', 'Steam Achievements', 'Steam Trading Cards', 'Steam Workshop', 'In-App Purchases', 'Stats', 'Remote Play on Tablet']","{'English': [], '✔': [], 'Czech': [], 'Danish': [], 'Dutch': [], 'Finnish': [], 'French': [], 'German': [], 'Hungarian': [], 'Italian': [], 'Japanese': [], 'Korean': [], 'Norwegian': [], 'Polish': [], 'Portuguese - Portugal': [], 'Portuguese - Brazil': [], 'Romanian': [], 'Russian': [], 'Simplified Chinese': [], 'Spanish - Spain': [], 'Swedish': [], 'Thai': [], 'Traditional Chinese': [], 'Turkish': [], 'Bulgarian': [], 'Ukrainian': [], 'Greek': [], 'Spanish - Latin America': [], 'Vietnamese': [], 'Indonesian': [], 'Arabic': [], 'Catalan': [], 'Lithuanian': [], 'Serbian': [], 'Slovak': [], 'Slovenian': [], 'Croatian': []}","['Action, Adventure, Indie, Massively Multiplayer, RPG']"
STAR WARS™ Battlefront™ II,Be the hero in the ultimate STAR WARS™ battle fantasy with STAR WARS™ Battlefront™ II: Celebration Edition!,"16 Nov, 2017",DICE,Star Wars,"['Multiplayer', 'Shooter', 'Singleplayer', 'Third-Person Shooter', 'Space', 'Action', 'FPS', 'Sci-fi', 'Co-op', 'Combat', 'Online Co-Op', 'Vehicular Combat', 'First-Person', 'Third Person', 'Adventure', 'PvP', 'Controller', 'Aliens', 'Tactical', 'Character Customization']",£3.49,"['Single-player', 'Online PvP', 'Steam Achievements', 'Steam Trading Cards']","{'English': [], '✔': [], 'Czech': [], 'Danish': [], 'Dutch': [], 'Finnish': [], 'French': [], 'German': [], 'Hungarian': [], 'Italian': [], 'Japanese': [], 'Korean': [], 'Norwegian': [], 'Polish': [], 'Portuguese - Portugal': [], 'Portuguese - Brazil': [], 'Romanian': [], 'Russian': [], 'Simplified Chinese': [], 'Spanish - Spain': [], 'Swedish': [], 'Thai': [], 'Traditional Chinese': [], 'Turkish': [], 'Bulgarian': [], 'Ukrainian': [], 'Greek': [], 'Spanish - Latin America': [], 'Vietnamese': [], 'Indonesian': [], 'Arabic': [], 'Catalan': [], 'Lithuanian': [], 'Serbian': [], 'Slovak': [], 'Slovenian': [], 'Croatian': []}","['Action, Adventure']"
ELDEN RING NIGHTREIGN,"ELDEN RING NIGHTREIGN is a standalone adventure within the ELDEN RING universe, crafted to offer players a new gaming experience by reimagining the game’s core design.","29 May, 2025",,Bandai Namco Entertainment,"['Souls-like', 'Online Co-Op', 'Multiplayer', 'Roguelike', 'Singleplayer', 'Co-op', 'Action', 'PvE', 'Third Person', 'Roguelite', 'RPG', 'Action RPG', 'Open World', 'Dark', '3D', 'Violent', 'Survival', 'Lore-Rich', 'Sexual Content', 'Story Rich']",£34.99,"['Single-player', 'Online Co-op', 'Steam Achievements', 'Steam Cloud', 'Family Sharing']","{'English': [], '✔': [], 'Czech': [], 'Danish': [], 'Dutch': [], 'Finnish': [], 'French': [], 'German': [], 'Hungarian': [], 'Italian': [], 'Japanese': [], 'Korean': [], 'Norwegian': [], 'Polish': [], 'Portuguese - Portugal': [], 'Portuguese - Brazil': [], 'Romanian': [], 'Russian': [], 'Simplified Chinese': [], 'Spanish - Spain': [], 'Swedish': [], 'Thai': [], 'Traditional Chinese': [], 'Turkish': [], 'Bulgarian': [], 'Ukrainian': [], 'Greek': [], 'Spanish - Latin America': [], 'Vietnamese': [], 'Indonesian': [], 'Arabic': [], 'Catalan': [], 'Lithuanian': [], 'Serbian': [], 'Slovak': [], 'Slovenian': [], 'Croatian': []}","['Action, RPG']"
"Warhammer 40,000: Rogue Trader","Made in a close partnership with Games Workshop, Warhammer 40,000: Rogue Trader is a story-rich classical RPG from Owlcat Games, developers of the critically acclaimed game, Pathfinder: Wrath of the Righteous.","7 Dec, 2023",,Warhammer,"['Action', 'Strategy', 'RPG', 'Turn-Based Strategy', 'Turn-Based Tactics', 'Turn-Based', 'Singleplayer', 'Character Customization', 'Warhammer 40K', 'Choices Matter', 'Story Rich', 'Strategy RPG', 'Cinematic', 'CRPG', 'Futuristic', 'Co-op', 'Multiplayer', 'Multiple Endings', 'Fantasy', 'Games Workshop']",£21.49,"['Single-player', 'Online Co-op', 'Cross-Platform Multiplayer', 'Steam Achievements', 'Steam Trading Cards', 'Steam Workshop', 'Steam Cloud', 'Family Sharing']","{'English': [], '✔': [], 'Czech': [], 'Danish': [], 'Dutch': [], 'Finnish': [], 'French': [], 'German': [], 'Hungarian': [], 'Italian': [], 'Japanese': [], 'Korean': [], 'Norwegian': [], 'Polish': [], 'Portuguese - Portugal': [], 'Portuguese - Brazil': [], 'Romanian': [], 'Russian': [], 'Simplified Chinese': [], 'Spanish - Spain': [], 'Swedish': [], 'Thai': [], 'Traditional Chinese': [], 'Turkish': [], 'Bulgarian': [], 'Ukrainian': [], 'Greek': [], 'Spanish - Latin America': [], 'Vietnamese': [], 'Indonesian': [], 'Arabic': [], 'Catalan': [], 'Lithuanian': [], 'Serbian': [], 'Slovak': [], 'Slovenian': [], 'Croatian': []}","['Action, Adventure, Indie, RPG, Strategy']"
The Sims™ 4,Play with life and discover the possibilities. Unleash your imagination and create a world of Sims that’s wholly unique. Explore and customize every detail from Sims to homes–and much more.,"2 Sep, 2014",Maxis,The Sims™,"['Life Sim', 'Character Customization', 'Free to Play', 'Building', 'Romance', 'Simulation', 'Sandbox', 'Singleplayer', 'Dating Sim', 'Relaxing', 'Casual', 'Realistic', 'Family Friendly', 'Funny', 'Cute', 'Immersive Sim', 'Fantasy', 'Adventure', 'Cartoony', 'Nudity']",Free,"['Single-player', 'Steam Trading Cards', 'Remote Play on Tablet']","{'English': [], '✔': [], 'Czech': [], 'Danish': [], 'Dutch': [], 'Finnish': [], 'French': [], 'German': [], 'Hungarian': [], 'Italian': [], 'Japanese': [], 'Korean': [], 'Norwegian': [], 'Polish': [], 'Portuguese - Portugal': [], 'Portuguese - Brazil': [], 'Romanian': [], 'Russian': [], 'Simplified Chinese': [], 'Spanish - Spain': [], 'Swedish': [], 'Thai': [], 'Traditional Chinese': [], 'Turkish': [], 'Bulgarian': [], 'Ukrainian': [], 'Greek': [], 'Spanish - Latin America': [], 'Vietnamese': [], 'Indonesian': [], 'Arabic': [], 'Catalan': [], 'Lithuanian': [], 'Serbian': [], 'Slovak': [], 'Slovenian': [], 'Croatian': []}","['Adventure, Casual, Simulation, Free To Play']"
DELTARUNE,"Dive into the parallel story to UNDERTALE! Fight or spare your way through action-packed battles as you explore a mysterious world alongside an endearing cast of new and familiar characters. Chapters 1-4 will be available on launch, with more planned as free updates!","4 Jun, 2025",tobyfox,tobyfox,"['Story Rich', 'Great Soundtrack', 'Pixel Graphics', 'Funny', 'RPG', 'Singleplayer', 'Bullet Hell', 'Emotional', '2D', 'Comedy', 'Fantasy', 'Soundtrack', 'Music', 'Action RPG', 'Mystery', 'Dark', 'Episodic', 'Retro', 'JRPG', 'Surreal']",£20.99,"['Single-player', 'Steam Cloud', 'Family Sharing']","{'English': [], '✔': [], 'Czech': [], 'Danish': [], 'Dutch': [], 'Finnish': [], 'French': [], 'German': [], 'Hungarian': [], 'Italian': [], 'Japanese': [], 'Korean': [], 'Norwegian': [], 'Polish': [], 'Portuguese - Portugal': [], 'Portuguese - Brazil': [], 'Romanian': [], 'Russian': [], 'Simplified Chinese': [], 'Spanish - Spain': [], 'Swedish': [], 'Thai': [], 'Traditional Chinese': [], 'Turkish': [], 'Bulgarian': [], 'Ukrainian': [], 'Greek': [], 'Spanish - Latin America': [], 'Vietnamese': [], 'Indonesian': [], 'Arabic': [], 'Catalan': [], 'Lithuanian': [], 'Serbian': [], 'Slovak': [], 'Slovenian': [], 'Croatian': []}","['Indie, RPG']"
Crusader Kings III,"Love, fight, scheme, and claim greatness. Determine your noble house’s legacy in the sprawling grand strategy of Crusader Kings III. Death is only the beginning as you guide your dynasty’s bloodline in the rich and larger-than-life simulation of the Middle Ages.","1 Sep, 2020",Paradox Development Studio,Crusader Kings,"['Strategy', 'Medieval', 'Grand Strategy', 'Simulation', 'RPG', 'Historical', 'Management', 'Character Customization', 'Life Sim', 'Sandbox', 'RTS', 'Choices Matter', 'War', 'Singleplayer', 'Economy', 'Political', '4X', 'Moddable', 'Multiplayer', 'Real-Time with Pause']",£12.59,"['Single-player', 'Online PvP', 'Steam Achievements', 'Steam Trading Cards', 'Steam Workshop', 'Steam Cloud', 'Remote Play on Tablet', 'Family Sharing']","{'English': [], '✔': [], 'Czech': [], 'Danish': [], 'Dutch': [], 'Finnish': [], 'French': [], 'German': [], 'Hungarian': [], 'Italian': [], 'Japanese': [], 'Korean': [], 'Norwegian': [], 'Polish': [], 'Portuguese - Portugal': [], 'Portuguese - Brazil': [], 'Romanian': [], 'Russian': [], 'Simplified Chinese': [], 'Spanish - Spain': [], 'Swedish': [], 'Thai': [], 'Traditional Chinese': [], 'Turkish': [], 'Bulgarian': [], 'Ukrainian': [], 'Greek': [], 'Spanish - Latin America': [], 'Vietnamese': [], 'Indonesian': [], 'Arabic': [], 'Catalan': [], 'Lithuanian': [], 'Serbian': [], 'Slovak': [], 'Slovenian': [], 'Croatian': []}","['RPG, Simulation, Strategy']"
Stellaris,"Explore a galaxy full of wonders in this sci-fi grand strategy game from Paradox Development Studios. Interact with diverse alien races, discover strange new worlds with unexpected events and expand the reach of your empire. Each new adventure holds almost limitless possibilities.","9 May, 2016",Paradox Development Studio,Stellaris,"['Space', 'Strategy', 'Grand Strategy', 'Sci-fi', '4X', 'Exploration', 'Sandbox', 'Simulation', 'Multiplayer', 'Singleplayer', 'Real-Time with Pause', 'Moddable', 'Management', 'Diplomacy', 'Military', 'Futuristic', 'Replay Value', 'Great Soundtrack', 'Procedural Generation', 'Atmospheric']",£8.74,"['Single-player', 'Cross-Platform Multiplayer', 'Steam Achievements', 'Steam Trading Cards', 'Steam Workshop', 'Steam Cloud', 'Family Sharing']","{'English': [], '✔': [], 'Czech': [], 'Danish': [], 'Dutch': [], 'Finnish': [], 'French': [], 'German': [], 'Hungarian': [], 'Italian': [], 'Japanese': [], 'Korean': [], 'Norwegian': [], 'Polish': [], 'Portuguese - Portugal': [], 'Portuguese - Brazil': [], 'Romanian': [], 'Russian': [], 'Simplified Chinese': [], 'Spanish - Spain': [], 'Swedish': [], 'Thai': [], 'Traditional Chinese': [], 'Turkish': [], 'Bulgarian': [], 'Ukrainian': [], 'Greek': [], 'Spanish - Latin America': [], 'Vietnamese': [], 'Indonesian': [], 'Arabic': [], 'Catalan': [], 'Lithuanian': [], 'Serbian': [], 'Slovak': [], 'Slovenian': [], 'Croatian': []}","['Simulation, Strategy']"
Ready or Not,"Ready or Not is an intense, tactical, first-person shooter that depicts a modern-day world in which SWAT police units are called to defuse hostile and confronting situations.","13 Dec, 2023",VOID Interactive,VOID Interactive,"['Tactical', 'Realistic', 'FPS', 'Shooter', 'Multiplayer', 'Co-op', 'Singleplayer', 'Horror', 'First-Person', 'Action', 'Violent', 'Gun Customization', 'Combat', 'Crime', 'Gore', 'Modern', 'Psychological Horror', 'Atmospheric', 'America', 'Co-op Campaign']",£22.49,"['Single-player', 'Online Co-op', 'Steam Achievements', 'Steam Cloud']","{'English': [], '✔': [], 'Czech': [], 'Danish': [], 'Dutch': [], 'Finnish': [], 'French': [], 'German': [], 'Hungarian': [], 'Italian': [], 'Japanese': [], 'Korean': [], 'Norwegian': [], 'Polish': [], 'Portuguese - Portugal': [], 'Portuguese - Brazil': [], 'Romanian': [], 'Russian': [], 'Simplified Chinese': [], 'Spanish - Spain': [], 'Swedish': [], 'Thai': [], 'Traditional Chinese': [], 'Turkish': [], 'Bulgarian': [], 'Ukrainian': [], 'Greek': [], 'Spanish - Latin America': [], 'Vietnamese': [], 'Indonesian': [], 'Arabic': [], 'Catalan': [], 'Lithuanian': [], 'Serbian': [], 'Slovak': [], 'Slovenian': [], 'Croatian': []}","['Action, Adventure, Indie']"
EA SPORTS FC™ 25,"EA SPORTS FC™ 25 gives you more ways to win for the club. Team up with friends in your favourite modes with the new 5v5 Rush, and manage your club to victory as FC IQ delivers more tactical control than ever before.","26 Sep, 2024",EA Romania,EA Sports,"['Sports', 'Football (Soccer)', 'Simulation', 'Multiplayer', 'Controller', 'eSports', 'Competitive', 'Local Co-Op', 'Family Friendly', 'Local Multiplayer', 'Online Co-Op', 'Singleplayer', 'PvP', 'Modern', 'Realistic', 'Co-op', 'Soundtrack', 'Split Screen', 'Free to Play', 'Anime']",£11.99,"['Single-player', 'Online PvP', 'Shared/Split Screen PvP', 'Online Co-op', 'Shared/Split Screen Co-op', 'Cross-Platform Multiplayer', 'Steam Achievements', 'In-App Purchases', 'Remote Play Together', 'HDR available']","{'English': [], '✔': [], 'Czech': [], 'Danish': [], 'Dutch': [], 'Finnish': [], 'French': [], 'German': [], 'Hungarian': [], 'Italian': [], 'Japanese': [], 'Korean': [], 'Norwegian': [], 'Polish': [], 'Portuguese - Portugal': [], 'Portuguese - Brazil': [], 'Romanian': [], 'Russian': [], 'Simplified Chinese': [], 'Spanish - Spain': [], 'Swedish': [], 'Thai': [], 'Traditional Chinese': [], 'Turkish': [], 'Bulgarian': [], 'Ukrainian': [], 'Greek': [], 'Spanish - Latin America': [], 'Vietnamese': [], 'Indonesian': [], 'Arabic': [], 'Catalan': [], 'Lithuanian': [], 'Serbian': [], 'Slovak': [], 'Slovenian': [], 'Croatian': []}","['Simulation, Sports']"
Euro Truck Simulator 2,"Travel across Europe as king of the road, a trucker who delivers important cargo across impressive distances! With dozens of cities to explore, your endurance, skill and speed will all be pushed to their limits.","18 Oct, 2012",SCS Software,SCS Software,"['Driving', 'Transportation', 'Simulation', 'Open World', 'Automobile Sim', 'Realistic', 'Moddable', 'Relaxing', 'Exploration', 'Economy', 'Immersive Sim', 'Management', 'Atmospheric', 'Multiplayer', 'Controller', 'Family Friendly', 'Third Person', 'Adventure', 'Casual', 'Indie']",£4.22,"['Single-player', 'Online Co-op', 'Steam Achievements', 'Steam Trading Cards', 'Steam Workshop', 'Steam Cloud', 'Includes level editor', 'Remote Play on Phone', 'Remote Play on Tablet', 'Remote Play Together', 'Family Sharing']","{'English': [], '✔': [], 'Czech': [], 'Danish': [], 'Dutch': [], 'Finnish': [], 'French': [], 'German': [], 'Hungarian': [], 'Italian': [], 'Japanese': [], 'Korean': [], 'Norwegian': [], 'Polish': [], 'Portuguese - Portugal': [], 'Portuguese - Brazil': [], 'Romanian': [], 'Russian': [], 'Simplified Chinese': [], 'Spanish - Spain': [], 'Swedish': [], 'Thai': [], 'Traditional Chinese': [], 'Turkish': [], 'Bulgarian': [], 'Ukrainian': [], 'Greek': [], 'Spanish - Latin America': [], 'Vietnamese': [], 'Indonesian': [], 'Arabic': [], 'Catalan': [], 'Lithuanian': [], 'Serbian': [], 'Slovak': [], 'Slovenian': [], 'Croatian': []}","['Indie, Simulation']"
Sons Of The Forest,"Sent to find a missing billionaire on a remote island, you find yourself in a cannibal-infested hellscape. Craft, build, and struggle to survive, alone or with friends, in this terrifying new open-world survival horror simulator.","22 Feb, 2024",Endnight Games Ltd,Newnight ,"['Survival', 'Open World', 'Multiplayer', 'Co-op', 'Survival Horror', 'Base Building', 'Horror', 'Crafting', 'First-Person', 'Building', 'Exploration', 'Adventure', 'Singleplayer', 'Atmospheric', 'Sandbox', 'Action-Adventure', 'Action', 'Simulation', 'Immersive Sim', 'Early Access']",£8.49,"['Single-player', 'Online Co-op', 'Steam Achievements', 'Steam Cloud', 'Family Sharing']","{'English': [], '✔': [], 'Czech': [], 'Danish': [], 'Dutch': [], 'Finnish': [], 'French': [], 'German': [], 'Hungarian': [], 'Italian': [], 'Japanese': [], 'Korean': [], 'Norwegian': [], 'Polish': [], 'Portuguese - Portugal': [], 'Portuguese - Brazil': [], 'Romanian': [], 'Russian': [], 'Simplified Chinese': [], 'Spanish - Spain': [], 'Swedish': [], 'Thai': [], 'Traditional Chinese': [], 'Turkish': [], 'Bulgarian': [], 'Ukrainian': [], 'Greek': [], 'Spanish - Latin America': [], 'Vietnamese': [], 'Indonesian': [], 'Arabic': [], 'Catalan': [], 'Lithuanian': [], 'Serbian': [], 'Slovak': [], 'Slovenian': [], 'Croatian': []}","['Action, Adventure, Indie, Simulation']"
Lies of P,"Lies of P is a thrilling soulslike that takes the story of Pinocchio, turns it on its head, and sets it against the darkly elegant backdrop of the Belle Epoque era.","18 Sep, 2023",NEOWIZ,NEOWIZ,"['Souls-like', 'Action', 'Dark Fantasy', 'Action RPG', 'Singleplayer', 'Third Person', 'Exploration', 'Story Rich', 'Steampunk', 'Dark', 'Adventure', 'Atmospheric', '3D', 'RPG', 'Choices Matter', 'Multiple Endings', 'Difficult', 'Gothic', 'Violent', 'Replay Value']",£24.99,"['Single-player', 'Family Sharing']","{'English': [], '✔': [], 'Czech': [], 'Danish': [], 'Dutch': [], 'Finnish': [], 'French': [], 'German': [], 'Hungarian': [], 'Italian': [], 'Japanese': [], 'Korean': [], 'Norwegian': [], 'Polish': [], 'Portuguese - Portugal': [], 'Portuguese - Brazil': [], 'Romanian': [], 'Russian': [], 'Simplified Chinese': [], 'Spanish - Spain': [], 'Swedish': [], 'Thai': [], 'Traditional Chinese': [], 'Turkish': [], 'Bulgarian': [], 'Ukrainian': [], 'Greek': [], 'Spanish - Latin America': [], 'Vietnamese': [], 'Indonesian': [], 'Arabic': [], 'Catalan': [], 'Lithuanian': [], 'Serbian': [], 'Slovak': [], 'Slovenian': [], 'Croatian': []}","['Action, Adventure, RPG']"
Kingdom Come: Deliverance II,"A thrilling story-driven action RPG, with a rich open world, set in 15th century Medieval Europe. Experience the ultimate medieval adventure - through the eyes of young Henry - as you embark on a journey of epic proportions.","4 Feb, 2025",,Kingdom Come: Deliverance,"['RPG', 'Medieval', 'Open World', 'Singleplayer', 'Realistic', 'First-Person', 'Story Rich', 'Adventure', 'Action', 'Combat', 'Historical', 'Swordplay', 'Political', 'Immersive', 'Choices Matter', 'Atmospheric', 'Alternate History', 'LGBTQ+', 'Action-Adventure', '3D']",£39.99,"['Single-player', 'Steam Achievements', 'Steam Trading Cards', 'Steam Cloud', 'Family Sharing']","{'English': [], '✔': [], 'Czech': [], 'Danish': [], 'Dutch': [], 'Finnish': [], 'French': [], 'German': [], 'Hungarian': [], 'Italian': [], 'Japanese': [], 'Korean': [], 'Norwegian': [], 'Polish': [], 'Portuguese - Portugal': [], 'Portuguese - Brazil': [], 'Romanian': [], 'Russian': [], 'Simplified Chinese': [], 'Spanish - Spain': [], 'Swedish': [], 'Thai': [], 'Traditional Chinese': [], 'Turkish': [], 'Bulgarian': [], 'Ukrainian': [], 'Greek': [], 'Spanish - Latin America': [], 'Vietnamese': [], 'Indonesian': [], 'Arabic': [], 'Catalan': [], 'Lithuanian': [], 'Serbian': [], 'Slovak': [], 'Slovenian': [], 'Croatian': []}","['Action, Adventure, RPG']"
Forza Horizon 5,"Explore the vibrant open world landscapes of Mexico with limitless, fun driving action in the world’s greatest cars.","8 Nov, 2021",Playground Games,Forza,"['Racing', 'Open World', 'Driving', 'Multiplayer', 'Automobile Sim', 'Realistic', 'Simulation', 'Adventure', 'Arcade', 'Exploration', 'First-Person', 'Co-op', 'Online Co-Op', 'Sports', 'Atmospheric', 'PvP', 'Singleplayer', 'Beautiful', 'VR', 'Action']",£24.99,"['Single-player', 'Online PvP', 'Online Co-op', 'Cross-Platform Multiplayer', 'Steam Achievements', 'Steam Trading Cards', 'Steam Cloud', 'HDR available', 'Family Sharing']","{'English': [], '✔': [], 'Czech': [], 'Danish': [], 'Dutch': [], 'Finnish': [], 'French': [], 'German': [], 'Hungarian': [], 'Italian': [], 'Japanese': [], 'Korean': [], 'Norwegian': [], 'Polish': [], 'Portuguese - Portugal': [], 'Portuguese - Brazil': [], 'Romanian': [], 'Russian': [], 'Simplified Chinese': [], 'Spanish - Spain': [], 'Swedish': [], 'Thai': [], 'Traditional Chinese': [], 'Turkish': [], 'Bulgarian': [], 'Ukrainian': [], 'Greek': [], 'Spanish - Latin America': [], 'Vietnamese': [], 'Indonesian': [], 'Arabic': [], 'Catalan': [], 'Lithuanian': [], 'Serbian': [], 'Slovak': [], 'Slovenian': [], 'Croatian': []}","['Action, Adventure, Racing, Simulation, Sports']"
Destiny 2,"Destiny 2 is an action MMO with a single evolving world that you and your friends can join anytime, anywhere, absolutely free.","1 Oct, 2019",Bungie,Destiny,"['Free to Play', 'Open World', 'Multiplayer', 'Looter Shooter', 'MMORPG', 'FPS', 'Co-op', 'PvE', 'PvP', 'Shooter', 'Massively Multiplayer', 'Loot', 'First-Person', 'Sci-fi', 'Action', 'Adventure', 'Lore-Rich', 'Space', 'Competitive', 'Atmospheric']",Free,"['Single-player', 'Online PvP', 'Online Co-op', 'Steam Achievements', 'In-App Purchases']","{'English': [], '✔': [], 'Czech': [], 'Danish': [], 'Dutch': [], 'Finnish': [], 'French': [], 'German': [], 'Hungarian': [], 'Italian': [], 'Japanese': [], 'Korean': [], 'Norwegian': [], 'Polish': [], 'Portuguese - Portugal': [], 'Portuguese - Brazil': [], 'Romanian': [], 'Russian': [], 'Simplified Chinese': [], 'Spanish - Spain': [], 'Swedish': [], 'Thai': [], 'Traditional Chinese': [], 'Turkish': [], 'Bulgarian': [], 'Ukrainian': [], 'Greek': [], 'Spanish - Latin America': [], 'Vietnamese': [], 'Indonesian': [], 'Arabic': [], 'Catalan': [], 'Lithuanian': [], 'Serbian': [], 'Slovak': [], 'Slovenian': [], 'Croatian': []}","['Action, Adventure, Free To Play']"
Total War: WARHAMMER III,"The cataclysmic conclusion to the Total War: WARHAMMER trilogy is here. Rally your forces and step into the Realm of Chaos, a dimension of mind-bending horror where the very fate of the world will be decided. Will you conquer your Daemons… or command them?","16 Feb, 2022",Feral Interactive,Warhammer,"['Strategy', 'Turn-Based Strategy', 'Grand Strategy', 'RTS', 'Fantasy', 'Real Time Tactics', 'Dark Fantasy', 'War', 'Action', 'Dwarf', 'Tactical', 'Games Workshop', 'Atmospheric', 'Multiplayer', 'Colorful', 'Co-op', 'PvP', 'Singleplayer', 'Online Co-Op', 'Warhammer 40K']",£16.99,"['Single-player', 'Online PvP', 'LAN PvP', 'Online Co-op', 'LAN Co-op', 'Steam Achievements', 'Steam Trading Cards', 'Steam Cloud', 'Family Sharing']","{'English': [], '✔': [], 'Czech': [], 'Danish': [], 'Dutch': [], 'Finnish': [], 'French': [], 'German': [], 'Hungarian': [], 'Italian': [], 'Japanese': [], 'Korean': [], 'Norwegian': [], 'Polish': [], 'Portuguese - Portugal': [], 'Portuguese - Brazil': [], 'Romanian': [], 'Russian': [], 'Simplified Chinese': [], 'Spanish - Spain': [], 'Swedish': [], 'Thai': [], 'Traditional Chinese': [], 'Turkish': [], 'Bulgarian': [], 'Ukrainian': [], 'Greek': [], 'Spanish - Latin America': [], 'Vietnamese': [], 'Indonesian': [], 'Arabic': [], 'Catalan': [], 'Lithuanian': [], 'Serbian': [], 'Slovak': [], 'Slovenian': [], 'Croatian': []}","['Action, Strategy']"
ARK: Survival Ascended,"ARK is reimagined from the ground-up into the next-generation of video game technology with Unreal Engine 5! Form a tribe, tame & breed hundreds of unique dinosaurs and primeval creatures, explore, craft, build, and fight your way to the top of the food-chain. Your new world awaits!","25 Oct, 2023",Instinct Games,Snail Games USA,"['Early Access', 'Survival', 'Open World', 'Multiplayer', 'Dinosaurs', 'Building', 'Adventure', 'Base Building', 'Crafting', 'Action', 'Sandbox', 'Character Customization', 'Singleplayer', 'PvP', 'PvE', 'Massively Multiplayer', 'Inventory Management', 'RPG', 'Sci-fi', 'Fantasy']",£18.99,"['Single-player', 'MMO', 'Online PvP', 'LAN PvP', 'Online Co-op', 'LAN Co-op', 'Shared/Split Screen Co-op', 'Cross-Platform Multiplayer', 'Steam Achievements', 'Includes level editor', 'Remote Play Together', 'Family Sharing']","{'English': [], '✔': [], 'Czech': [], 'Danish': [], 'Dutch': [], 'Finnish': [], 'French': [], 'German': [], 'Hungarian': [], 'Italian': [], 'Japanese': [], 'Korean': [], 'Norwegian': [], 'Polish': [], 'Portuguese - Portugal': [], 'Portuguese - Brazil': [], 'Romanian': [], 'Russian': [], 'Simplified Chinese': [], 'Spanish - Spain': [], 'Swedish': [], 'Thai': [], 'Traditional Chinese': [], 'Turkish': [], 'Bulgarian': [], 'Ukrainian': [], 'Greek': [], 'Spanish - Latin America': [], 'Vietnamese': [], 'Indonesian': [], 'Arabic': [], 'Catalan': [], 'Lithuanian': [], 'Serbian': [], 'Slovak': [], 'Slovenian': [], 'Croatian': []}","['Action, Adventure, Indie, Massively Multiplayer, RPG, Early Access']"
Broken Arrow,Broken Arrow is a large-scale real-time modern warfare tactics game that combines the complexity of joint-forces wargaming with action-packed real-time tactics gameplay.,"19 Jun, 2025",Steel Balalaika,Broken Arrow,"['Strategy', 'Wargame', 'Modern', 'RTS', 'Real Time Tactics', 'Action RTS', 'War', 'Tactical', 'Deckbuilding', 'Realistic', '3D', 'PvP', 'Multiplayer', 'Artificial Intelligence', 'Military', 'Naval Combat', 'Resource Management', 'Singleplayer', 'Tanks', 'Difficult']",£41.99,"['Single-player', 'Online PvP', 'Online Co-op', 'Steam Achievements', 'Steam Trading Cards', 'Steam Workshop', 'Steam Cloud', 'Includes level editor', 'Family Sharing']","{'English': [], '✔': [], 'Czech': [], 'Danish': [], 'Dutch': [], 'Finnish': [], 'French': [], 'German': [], 'Hungarian': [], 'Italian': [], 'Japanese': [], 'Korean': [], 'Norwegian': [], 'Polish': [], 'Portuguese - Portugal': [], 'Portuguese - Brazil': [], 'Romanian': [], 'Russian': [], 'Simplified Chinese': [], 'Spanish - Spain': [], 'Swedish': [], 'Thai': [], 'Traditional Chinese': [], 'Turkish': [], 'Bulgarian': [], 'Ukrainian': [], 'Greek': [], 'Spanish - Latin America': [], 'Vietnamese': [], 'Indonesian': [], 'Arabic': [], 'Catalan': [], 'Lithuanian': [], 'Serbian': [], 'Slovak': [], 'Slovenian': [], 'Croatian': []}",['Strategy']
The Last of Us™ Part I,"Discover the award-winning game that inspired the critically acclaimed television show. Guide Joel and Ellie through a post-apocalyptic America, and encounter unforgettable allies and enemies in The Last of Us™.","28 Mar, 2023",Iron Galaxy Studios,45527500,"['Story Rich', 'Post-apocalyptic', 'Zombies', 'Action-Adventure', 'Shooter', 'Horror', 'Third-Person Shooter', 'Third Person', 'Singleplayer', 'Survival', 'Cinematic', 'Survival Horror', 'Action', 'Emotional', 'Adventure', 'Thriller', 'Atmospheric', 'Drama', 'Remake', 'Soundtrack']",£24.99,"['Single-player', 'Steam Achievements', 'Steam Trading Cards', 'Steam Cloud', 'Remote Play on TV', 'Family Sharing']","{'English': [], '✔': [], 'Czech': [], 'Danish': [], 'Dutch': [], 'Finnish': [], 'French': [], 'German': [], 'Hungarian': [], 'Italian': [], 'Japanese': [], 'Korean': [], 'Norwegian': [], 'Polish': [], 'Portuguese - Portugal': [], 'Portuguese - Brazil': [], 'Romanian': [], 'Russian': [], 'Simplified Chinese': [], 'Spanish - Spain': [], 'Swedish': [], 'Thai': [], 'Traditional Chinese': [], 'Turkish': [], 'Bulgarian': [], 'Ukrainian': [], 'Greek': [], 'Spanish - Latin America': [], 'Vietnamese': [], 'Indonesian': [], 'Arabic': [], 'Catalan': [], 'Lithuanian': [], 'Serbian': [], 'Slovak': [], 'Slovenian': [], 'Croatian': []}","['Action, Adventure']"
Stellar Blade™,Save humanity from extinction in post-apocalyptic action-adventure Stellar Blade™. Experience blistering combat and a twisting storyline as you unravel the mysteries of Earth’s downfall.,"11 Jun, 2025",SHIFT UP Corporation,PlayStation Publishing LLC (excluding China),"['Female Protagonist', 'Action', 'Hack and Slash', 'Souls-like', 'Singleplayer', 'Third Person', 'Adventure', 'Action RPG', 'Post-apocalyptic', 'Action-Adventure', 'Futuristic', 'Combat', '3D', 'Story Rich', 'Dystopian', 'Multiple Endings', 'Quick-Time Events', 'Stylized', 'Experience', 'Sexual Content']",£59.99,"['Single-player', 'Steam Achievements', 'Steam Cloud', 'Stats', 'HDR available', 'Family Sharing']","{'English': [], '✔': [], 'Czech': [], 'Danish': [], 'Dutch': [], 'Finnish': [], 'French': [], 'German': [], 'Hungarian': [], 'Italian': [], 'Japanese': [], 'Korean': [], 'Norwegian': [], 'Polish': [], 'Portuguese - Portugal': [], 'Portuguese - Brazil': [], 'Romanian': [], 'Russian': [], 'Simplified Chinese': [], 'Spanish - Spain': [], 'Swedish': [], 'Thai': [], 'Traditional Chinese': [], 'Turkish': [], 'Bulgarian': [], 'Ukrainian': [], 'Greek': [], 'Spanish - Latin America': [], 'Vietnamese': [], 'Indonesian': [], 'Arabic': [], 'Catalan': [], 'Lithuanian': [], 'Serbian': [], 'Slovak': [], 'Slovenian': [], 'Croatian': []}","['Action, Adventure, RPG']"
Apex Legends™,"Apex Legends is the award-winning, free-to-play Hero Shooter from Respawn Entertainment. Master an ever-growing roster of legendary characters with powerful abilities, and experience strategic squad play and innovative gameplay in the next evolution of Hero Shooter and Battle Royale.","4 Nov, 2020",Respawn,Apex Legends,"['Free to Play', 'Multiplayer', 'Battle Royale', 'FPS', 'Shooter', 'First-Person', 'PvP', 'Action', 'Hero Shooter', 'Team-Based', 'Tactical', 'Sci-fi', 'Survival', 'Loot', 'Co-op', 'Character Customization', 'Funny', 'Lore-Rich', 'Cyberpunk', 'Cinematic']",Free,"['Online PvP', 'Online Co-op', 'Steam Achievements', 'Steam Trading Cards', 'In-App Purchases']","{'English': [], '✔': [], 'Czech': [], 'Danish': [], 'Dutch': [], 'Finnish': [], 'French': [], 'German': [], 'Hungarian': [], 'Italian': [], 'Japanese': [], 'Korean': [], 'Norwegian': [], 'Polish': [], 'Portuguese - Portugal': [], 'Portuguese - Brazil': [], 'Romanian': [], 'Russian': [], 'Simplified Chinese': [], 'Spanish - Spain': [], 'Swedish': [], 'Thai': [], 'Traditional Chinese': [], 'Turkish': [], 'Bulgarian': [], 'Ukrainian': [], 'Greek': [], 'Spanish - Latin America': [], 'Vietnamese': [], 'Indonesian': [], 'Arabic': [], 'Catalan': [], 'Lithuanian': [], 'Serbian': [], 'Slovak': [], 'Slovenian': [], 'Croatian': []}","['Action, Adventure, Free To Play']"
Marvel's Spider-Man 2,"Be Greater. Together. The incredible power of the symbiote forces Peter Parker and Miles Morales into a desperate fight as they balance their lives, friendships, and their duty to protect in an exciting chapter of the critically acclaimed Spider-Man franchise on PC.","30 Jan, 2025",Nixxes Software,Marvel's Spider-Man,"['Action', 'Superhero', 'Open World', 'Singleplayer', 'Adventure', 'Action-Adventure', 'Third Person', 'Story Rich', 'LGBTQ+', 'Political', 'Comic Book', 'Stealth', 'Great Soundtrack', 'Controller', 'Atmospheric', 'Politics', 'Exploration', ""Beat 'em up"", 'Multiplayer', 'Combat']",£39.99,"['Single-player', 'Steam Achievements', 'Steam Cloud', 'HDR available', 'Family Sharing']","{'English': [], '✔': [], 'Czech': [], 'Danish': [], 'Dutch': [], 'Finnish': [], 'French': [], 'German': [], 'Hungarian': [], 'Italian': [], 'Japanese': [], 'Korean': [], 'Norwegian': [], 'Polish': [], 'Portuguese - Portugal': [], 'Portuguese - Brazil': [], 'Romanian': [], 'Russian': [], 'Simplified Chinese': [], 'Spanish - Spain': [], 'Swedish': [], 'Thai': [], 'Traditional Chinese': [], 'Turkish': [], 'Bulgarian': [], 'Ukrainian': [], 'Greek': [], 'Spanish - Latin America': [], 'Vietnamese': [], 'Indonesian': [], 'Arabic': [], 'Catalan': [], 'Lithuanian': [], 'Serbian': [], 'Slovak': [], 'Slovenian': [], 'Croatian': []}","['Action, Adventure']"
Black Myth: Wukong,"Black Myth: Wukong is an action RPG rooted in Chinese mythology. You shall set out as the Destined One to venture into the challenges and marvels ahead, to uncover the obscured truth beneath the veil of a glorious legend from the past.","19 Aug, 2024",Game Science,Game Science,"['Mythology', 'Action RPG', 'Action', 'Souls-like', 'RPG', 'Combat', 'Story Rich', 'Singleplayer', 'Action-Adventure', 'Drama', 'Dark Fantasy', 'Atmospheric', 'Adventure', '3D', 'Fantasy', 'Hack and Slash', 'Difficult', 'Third Person', 'Music', 'Violent']",£39.99,"['Single-player', 'Steam Achievements', 'Steam Trading Cards', 'Steam Cloud', 'Family Sharing']","{'English': [], '✔': [], 'Czech': [], 'Danish': [], 'Dutch': [], 'Finnish': [], 'French': [], 'German': [], 'Hungarian': [], 'Italian': [], 'Japanese': [], 'Korean': [], 'Norwegian': [], 'Polish': [], 'Portuguese - Portugal': [], 'Portuguese - Brazil': [], 'Romanian': [], 'Russian': [], 'Simplified Chinese': [], 'Spanish - Spain': [], 'Swedish': [], 'Thai': [], 'Traditional Chinese': [], 'Turkish': [], 'Bulgarian': [], 'Ukrainian': [], 'Greek': [], 'Spanish - Latin America': [], 'Vietnamese': [], 'Indonesian': [], 'Arabic': [], 'Catalan': [], 'Lithuanian': [], 'Serbian': [], 'Slovak': [], 'Slovenian': [], 'Croatian': []}","['Action, Adventure, RPG']"
RimWorld,"A sci-fi colony sim driven by an intelligent AI storyteller. Generates stories by simulating psychology, ecology, gunplay, melee combat, climate, biomes, diplomacy, interpersonal relationships, art, medicine, trade, and more.","17 Oct, 2018",Ludeon Studios,Ludeon Studios,"['Colony Sim', 'Base Building', 'Survival', 'Strategy', 'Simulation', 'Management', 'Singleplayer', 'Sci-fi', 'Moddable', 'Sandbox', 'Story Rich', 'Replay Value', 'Procedural Generation', 'Tactical RPG', 'Open World', 'Indie', '2D', 'City Builder', 'Building', 'Atmospheric']",£22.79,"['Single-player', 'Steam Workshop', 'Steam Cloud', 'Remote Play on Tablet', 'Family Sharing']","{'English': [], '✔': [], 'Czech': [], 'Danish': [], 'Dutch': [], 'Finnish': [], 'French': [], 'German': [], 'Hungarian': [], 'Italian': [], 'Japanese': [], 'Korean': [], 'Norwegian': [], 'Polish': [], 'Portuguese - Portugal': [], 'Portuguese - Brazil': [], 'Romanian': [], 'Russian': [], 'Simplified Chinese': [], 'Spanish - Spain': [], 'Swedish': [], 'Thai': [], 'Traditional Chinese': [], 'Turkish': [], 'Bulgarian': [], 'Ukrainian': [], 'Greek': [], 'Spanish - Latin America': [], 'Vietnamese': [], 'Indonesian': [], 'Arabic': [], 'Catalan': [], 'Lithuanian': [], 'Serbian': [], 'Slovak': [], 'Slovenian': [], 'Croatian': []}","['Indie, Simulation, Strategy']"
Tom Clancy's Rainbow Six® Siege X,"Rainbow Six Siege X is the reference in tactical team shooters, where elite strategy and execution triumph. Enjoy free access to Quick Match, Unranked and Dual Front game modes with a selection of operators.","1 Dec, 2015",Ubisoft Montreal,Rainbow 6 Franchise,"['FPS', 'PvP', 'Multiplayer', 'Tactical', 'eSports', 'Shooter', 'Competitive', 'Online Co-Op', 'Action', 'Hero Shooter', 'Team-Based', 'Military', 'Strategy', 'First-Person', 'Co-op', 'Realistic', 'War', 'Destruction', 'Difficult', '3D']",Free,"['Single-player', 'Online PvP', 'Online Co-op', 'Steam Trading Cards', 'In-App Purchases', 'Remote Play on Phone', 'Remote Play on Tablet']","{'English': [], '✔': [], 'Czech': [], 'Danish': [], 'Dutch': [], 'Finnish': [], 'French': [], 'German': [], 'Hungarian': [], 'Italian': [], 'Japanese': [], 'Korean': [], 'Norwegian': [], 'Polish': [], 'Portuguese - Portugal': [], 'Portuguese - Brazil': [], 'Romanian': [], 'Russian': [], 'Simplified Chinese': [], 'Spanish - Spain': [], 'Swedish': [], 'Thai': [], 'Traditional Chinese': [], 'Turkish': [], 'Bulgarian': [], 'Ukrainian': [], 'Greek': [], 'Spanish - Latin America': [], 'Vietnamese': [], 'Indonesian': [], 'Arabic': [], 'Catalan': [], 'Lithuanian': [], 'Serbian': [], 'Slovak': [], 'Slovenian': [], 'Croatian': []}","['Action, Free To Play']"
Jurassic World Evolution 2,Jurassic World Evolution 2 is the much-anticipated sequel to Frontier’s highly successful Jurassic World Evolution. This bold new era in the Jurassic World Evolution game franchise builds upon the ground-breaking and immersive 2018 management simulation.,"9 Nov, 2021",Frontier Developments,FrontierDev,"['Dinosaurs', 'Building', 'Simulation', 'Management', 'Sandbox', 'Strategy', 'Singleplayer', 'City Builder', 'Economy', 'Resource Management', 'Open World', 'Sci-fi', 'Violent', 'Atmospheric', 'Sequel', 'Action', 'Multiplayer', 'Base Building', 'Survival', 'Casual']",£2.49,"['Single-player', 'Steam Achievements', 'Steam Cloud', 'Stats', 'HDR available', 'Family Sharing']","{'English': [], '✔': [], 'Czech': [], 'Danish': [], 'Dutch': [], 'Finnish': [], 'French': [], 'German': [], 'Hungarian': [], 'Italian': [], 'Japanese': [], 'Korean': [], 'Norwegian': [], 'Polish': [], 'Portuguese - Portugal': [], 'Portuguese - Brazil': [], 'Romanian': [], 'Russian': [], 'Simplified Chinese': [], 'Spanish - Spain': [], 'Swedish': [], 'Thai': [], 'Traditional Chinese': [], 'Turkish': [], 'Bulgarian': [], 'Ukrainian': [], 'Greek': [], 'Spanish - Latin America': [], 'Vietnamese': [], 'Indonesian': [], 'Arabic': [], 'Catalan': [], 'Lithuanian': [], 'Serbian': [], 'Slovak': [], 'Slovenian': [], 'Croatian': []}","['Simulation, Strategy']"
Marvel Rivals,"Marvel Rivals is a Super Hero Team-Based PVP Shooter! Assemble an all-star Marvel squad, devise countless strategies by combining powers to form unique Team-Up skills and fight in destructible, ever-changing battlefields across the continually evolving Marvel universe!","5 Dec, 2024",NetEase Games,NetEase Games,"['Free to Play', 'Multiplayer', 'Hero Shooter', 'Third-Person Shooter', 'Superhero', 'PvP', 'Action', 'Team-Based', 'Competitive', 'Shooter', '3D', 'Strategy', 'Online Co-Op', 'Co-op', 'Sexual Content', 'Sci-fi', 'Third Person', 'FPS', 'MOBA', 'Psychological Horror']",Free,"['Online PvP', 'Online Co-op', 'Cross-Platform Multiplayer', 'Steam Achievements', 'In-App Purchases']","{'English': [], '✔': [], 'Czech': [], 'Danish': [], 'Dutch': [], 'Finnish': [], 'French': [], 'German': [], 'Hungarian': [], 'Italian': [], 'Japanese': [], 'Korean': [], 'Norwegian': [], 'Polish': [], 'Portuguese - Portugal': [], 'Portuguese - Brazil': [], 'Romanian': [], 'Russian': [], 'Simplified Chinese': [], 'Spanish - Spain': [], 'Swedish': [], 'Thai': [], 'Traditional Chinese': [], 'Turkish': [], 'Bulgarian': [], 'Ukrainian': [], 'Greek': [], 'Spanish - Latin America': [], 'Vietnamese': [], 'Indonesian': [], 'Arabic': [], 'Catalan': [], 'Lithuanian': [], 'Serbian': [], 'Slovak': [], 'Slovenian': [], 'Croatian': []}","['Action, Free To Play']"
Persona5: The Phantom X,"“We’re the Phantom Thieves, and we’re here to steal your heart!” The beloved RPG series with over 23.5 million copies sold finally arrives on PC and mobile!","25 Jun, 2025",Perfect World,SEGA,"['RPG', 'JRPG', 'Anime', 'Adventure', 'Turn-Based Combat', 'Free to Play', 'Story Rich', 'Modern', 'Singleplayer', 'Controller', 'Party-Based RPG', 'Gambling', 'Multiplayer', 'CRPG', 'Great Soundtrack', 'Colorful', 'Dating Sim', 'Visual Novel']",Free,"['Single-player', 'Cross-Platform Multiplayer', 'In-App Purchases']","{'English': [], '✔': [], 'Czech': [], 'Danish': [], 'Dutch': [], 'Finnish': [], 'French': [], 'German': [], 'Hungarian': [], 'Italian': [], 'Japanese': [], 'Korean': [], 'Norwegian': [], 'Polish': [], 'Portuguese - Portugal': [], 'Portuguese - Brazil': [], 'Romanian': [], 'Russian': [], 'Simplified Chinese': [], 'Spanish - Spain': [], 'Swedish': [], 'Thai': [], 'Traditional Chinese': [], 'Turkish': [], 'Bulgarian': [], 'Ukrainian': [], 'Greek': [], 'Spanish - Latin America': [], 'Vietnamese': [], 'Indonesian': [], 'Arabic': [], 'Catalan': [], 'Lithuanian': [], 'Serbian': [], 'Slovak': [], 'Slovenian': [], 'Croatian': []}","['Adventure, RPG, Free To Play']"
